user_id,product_id,product_name,q_value
U1295,PCLO4,Sports Cap,30.441433677463845
U1295,PCLO3,Winter Jacket,20.885806879759
U1295,PCLO5,Formal Shirt,15.890482354355369
U1295,PCLO1,Cotton T-Shirt,12.961120802535845
U1295,PCLO2,Denim Jeans,12.818820221835482
U1084,PBOO3,Self Help Guide,30.030002838101417
U1084,PBOO2,Cook Book,17.595454345240533
U1084,PBOO4,History Book,16.839169145333024
U1084,PBOO1,Mystery Novel,16.70349891225217
U1084,PBOO5,Comic Book,12.00854463129476
U1323,PBEA2,Shampoo,30.116083748763867
U1323,PBEA3,Lipstick,21.57697551897711
U1323,PBEA5,Perfume,18.322869990356942
U1323,PBEA4,Sunscreen,15.979213066521934
U1323,PBEA1,Face Cream,12.596863967129941
U1367,PBEA2,Shampoo,30.116083748763867
U1367,PBEA3,Lipstick,21.57697551897711
U1367,PBEA5,Perfume,18.322869990356942
U1367,PBEA4,Sunscreen,15.979213066521934
U1367,PBEA1,Face Cream,12.596863967129941
U1720,PTOY5,Board Game,30.643324008435798
U1720,PTOY2,Puzzle Set,16.659275454587007
U1720,PTOY3,RC Car,16.496366948626083
U1720,PTOY4,Action Figure,13.7959795903509
U1720,PTOY1,Building Blocks,12.25096068984286
U1652,PBOO3,Self Help Guide,30.030002838101417
U1652,PBOO2,Cook Book,17.595454345240533
U1652,PBOO4,History Book,16.839169145333024
U1652,PBOO1,Mystery Novel,16.70349891225217
U1652,PBOO5,Comic Book,12.00854463129476
U1339,POFF2,Gel Pens,30.98864713845111
U1339,POFF5,Sticky Notes,18.48750110164228
U1339,POFF1,Notebook Pack,17.843080761239385
U1339,POFF4,Stapler,15.436055560650278
U1339,POFF3,Desk Organizer,15.192427093664568
U1094,PCLO4,Sports Cap,30.441433677463845
U1094,PCLO3,Winter Jacket,20.885806879759
U1094,PCLO5,Formal Shirt,15.890482354355369
U1094,PCLO1,Cotton T-Shirt,12.961120802535845
U1094,PCLO2,Denim Jeans,12.818820221835482
U1477,POFF2,Gel Pens,30.98864713845111
U1477,POFF5,Sticky Notes,18.48750110164228
U1477,POFF1,Notebook Pack,17.843080761239385
U1477,POFF4,Stapler,15.436055560650278
U1477,POFF3,Desk Organizer,15.192427093664568
U1280,PBOO3,Self Help Guide,30.030002838101417
U1280,PBOO2,Cook Book,17.595454345240533
U1280,PBOO4,History Book,16.839169145333024
U1280,PBOO1,Mystery Novel,16.70349891225217
U1280,PBOO5,Comic Book,12.00854463129476
